GRD_PTS_PER_UNIT,At_Risk,GPAO,ANON_INSTR_ID,TERM,HSGPA,SEX
2.0,0,2.945,3057,102,3.7,0
1.7,0,3.11875,1996,102,3.9,0
0.0,1,2.5,4230,102,0.0,0
2.0,0,3.738461538,56,102,3.7,0
2.4,0,3.326530612,283,102,3.6,1
2.0,0,3.176923077,2889,102,3.2,0
2.7,0,3.344,3493,102,3.9,0
2.7,0,3.354545455,56,102,3.6,1
1.7,0,2.7,410,102,3.9,1
2.0,0,2.6268292680000003,3558,102,4.0,0
2.7,0,3.604761905,3057,102,3.3,0
2.7,0,3.7875,410,102,3.7,0
2.3,0,3.248,1675,102,3.5,0
4.0,0,3.9,17,102,4.0,0
2.7,0,3.05,410,102,3.7,1
2.0,0,3.45,2889,102,3.9,0
3.7,0,3.859259259,1895,102,0.0,0
4.0,0,3.653658537,2259,102,0.0,0
2.0,0,2.9036036039999997,1862,102,3.6,0
4.0,0,3.9826086960000002,1862,102,3.4,0
0.0,1,2.4083333330000003,846,102,3.74,1
4.0,0,3.6357142860000002,1895,102,0.0,0
1.7,0,2.870731707,3345,102,3.7,0
2.7,0,3.07027027,3558,102,3.8,1
0.0,1,3.217647059,3057,102,4.0,1
2.0,0,2.777631579,3057,102,3.71,1
3.3,0,3.784,4230,102,0.0,0
2.3,0,3.3842105260000004,3057,102,3.7,1
0.0,1,2.866129032,3558,102,3.9,0
2.0,0,3.3176470589999996,56,102,3.7,0
2.3,0,3.742857143,4683,102,3.7,0
3.7,0,3.58,2495,102,3.9,0
1.3,0,2.445454545,2495,102,3.4,1
3.0,0,3.250909091,846,102,3.9,0
1.7,0,3.3,3558,102,4.0,0
3.7,0,3.566666667,283,102,3.5,1
4.0,0,4.128,1862,102,4.0,0
3.3,0,3.8779816510000003,2889,102,3.8,1
2.4,0,2.225925926,3717,102,0.0,0
4.0,0,3.739130435,17,102,3.2,1
0.0,1,3.0470588239999996,283,102,3.9,0
2.3,0,3.3408163269999998,3057,102,3.7,1
3.7,0,3.6955056180000003,3558,102,0.0,0
2.7,0,3.3159090910000004,1996,102,3.9,0
3.0,0,3.2676056339999997,4230,102,3.7,0
0.0,1,3.45952381,2259,102,3.7,0
1.7,0,3.08974359,3493,102,3.5,1
3.3,0,3.788461538,3558,102,3.7,1
3.0,0,3.827272727,2259,102,0.0,1
2.7,0,3.742372881,3493,102,3.9,0
1.7,0,2.301785714,2259,102,3.7,0
4.0,0,3.7394736839999996,846,102,3.3,0
1.0,1,3.06,4683,102,3.7,1
3.3,0,3.4666666669999997,846,102,3.6,0
4.0,0,3.338095238,3717,102,3.4,0
2.0,0,3.611111111,17,102,3.9,0
3.0,0,3.171794872,283,102,3.7,1
0.0,1,3.15982906,1675,102,0.0,1
3.7,0,3.380487805,3345,102,0.0,0
0.0,1,3.054901961,3717,102,3.9,1
2.7,0,3.39047619,4683,102,3.88,1
2.7,0,3.256818182,3558,102,3.7,1
1.0,1,2.961538462,283,102,3.2,0
2.3,0,3.18,2259,102,3.9,0
0.0,1,2.7,283,102,3.9,0
2.7,0,3.234782609,4230,102,3.9,0
3.0,0,3.72173913,2495,102,3.9,1
2.0,0,2.3,846,102,3.7,0
2.3,0,2.61509434,410,102,3.8,1
2.3,0,3.4930232560000003,4230,102,3.7,0
2.7,0,3.088235294,3057,102,3.9,0
3.7,0,3.4290322580000003,1895,102,3.8,0
2.4,0,3.453191489,2889,102,3.9,1
2.3,0,3.134146341,410,102,3.3,0
4.0,0,3.907692308,3057,102,3.9,1
4.0,0,4.034285714,283,102,3.8,0
2.7,0,3.2714285710000004,846,102,3.8,0
1.0,1,2.424242424,4683,102,0.0,0
0.0,1,2.9891891889999997,56,102,3.9,1
2.3,0,3.2,17,102,3.8,1
2.3,0,3.3636363639999995,3057,102,3.8,0
3.0,0,2.959090909,3558,102,3.9,0
0.0,1,2.607894737,3345,102,3.89,0
2.0,0,2.968181818,410,102,4.0,1
4.0,0,3.6754385960000002,3493,102,0.0,0
2.7,0,2.9888888889999996,3717,102,3.5,1
3.0,0,3.623809524,2889,102,3.7,1
3.0,0,3.7538461539999997,846,102,3.9,0
4.0,0,4.139130435,283,102,3.9,0
0.0,1,2.3,846,102,3.4,0
1.7,0,2.636263736,3057,102,3.8,1
4.0,0,3.735135135,1895,102,3.1,1
0.0,1,2.9,3717,102,0.0,1
4.0,0,4.0,3493,102,3.7,0
3.3,0,3.5069767439999997,1895,102,3.5,1
2.0,0,2.9490909089999997,283,102,3.9,0
1.3,0,2.887755102,2495,102,3.5,1
3.3,0,3.3,3558,102,3.9,0
2.4,0,3.654545455,1996,102,3.5,1
2.4,0,3.424,1862,102,3.9,1
2.0,0,2.9930232560000003,2889,102,3.2,1
2.3,0,3.727777778,1862,102,3.1,1
3.3,0,4.016,4683,102,3.6,1
1.7,0,3.4560000000000004,846,102,3.0,0
0.0,1,3.0975,4230,102,3.74,0
4.0,0,4.03,1675,102,4.0,1
2.0,0,3.566666667,4230,102,3.6,1
3.3,0,3.571428571,410,102,3.3,1
2.0,0,3.953846154,3493,102,0.0,0
3.0,0,3.324528302,1675,102,3.3,0
3.4,0,3.473170732,4683,102,4.0,0
3.7,0,3.394736842,3558,102,0.0,1
2.7,0,3.8190476189999996,2495,102,3.5,0
2.0,0,3.0,1862,102,2.7,1
3.3,0,3.673333333,410,102,3.7,0
2.0,0,2.3923076919999997,17,102,3.9,0
1.7,0,2.564285714,1996,102,3.7,1
0.0,1,2.983333333,2495,102,4.0,1
2.7,0,2.9235294119999997,1675,102,3.7,1
4.0,0,3.84,1675,102,3.7,1
2.0,0,3.255813953,4683,102,3.9,0
3.3,0,3.447058824,2889,102,3.9,0
2.7,0,3.727586207,56,102,3.7,1
2.0,0,3.2387096769999997,2889,102,0.0,0
2.7,0,3.211904762,3345,102,4.0,1
3.3,0,3.68,2889,102,3.0,1
2.0,0,3.3,410,102,4.0,0
4.0,0,3.812820513,1675,102,3.9,0
3.7,0,3.5105263160000004,3345,102,3.5,0
2.7,0,3.2574468089999997,4230,102,3.8,1
2.7,0,3.191304348,3717,102,3.7,1
1.7,0,3.06,410,102,4.0,0
4.0,0,4.19047619,1996,102,0.0,0
0.0,1,2.6575,4683,102,4.0,1
2.3,0,2.4285714290000002,3057,102,3.4,1
2.0,0,2.9760000000000004,3558,102,3.5,1
3.0,0,3.1639999999999997,2259,102,4.0,1
1.7,0,3.857777778,1895,102,3.5,0
2.7,0,3.38,410,102,2.6,0
3.0,0,3.6347826089999997,1862,102,3.7,1
2.0,0,3.588571429,3057,102,3.4,0
0.0,1,2.658181818,1996,102,3.8,1
4.0,0,3.807407407,2495,102,3.7,0
3.0,0,3.7,17,102,3.4,0
1.7,0,3.409803922,17,102,0.0,0
4.0,0,3.754545455,4683,102,3.8,1
1.7,0,3.353030303,4230,102,3.7,1
3.3,0,3.866666667,410,102,3.8,0
4.0,0,3.8222222219999997,2259,102,3.4,0
2.7,0,3.76,1675,102,3.9,0
3.3,0,3.6425,17,102,0.0,1
3.0,0,3.258333333,56,102,2.9,0
3.0,0,3.784,283,102,3.6,0
0.0,1,2.954545455,4683,102,3.6,0
3.3,0,3.261627907,4230,102,3.9,1
2.3,0,3.3090909089999996,3345,102,4.0,1
2.4,0,3.619512195,1895,102,3.9,0
2.0,0,3.9698113210000003,4230,102,3.6,1
2.0,0,3.688888889,4683,102,3.8,1
4.0,0,4.145454545,2889,102,3.9,1
2.3,0,2.9,1862,102,3.7,1
3.3,0,3.5589743589999996,410,102,4.0,0
2.7,0,3.170588235,846,102,3.7,1
3.7,0,3.58372093,4230,102,3.2,1
4.0,0,3.42195122,2259,102,3.52,0
4.0,0,4.256,283,102,3.2,0
4.0,0,3.013178295,3057,102,4.0,0
4.0,0,3.752,3558,102,3.9,0
4.0,0,4.184,283,102,0.0,1
3.3,0,3.5190476189999997,1996,102,3.8,1
3.0,0,3.9090909089999997,1862,102,3.8,1
1.7,0,2.994871795,1675,102,3.8,1
2.7,0,3.523809524,1895,102,3.9,0
2.0,0,3.424,3345,102,3.17,0
2.7,0,3.568,1675,102,3.7,0
4.0,0,3.5,1675,102,3.4,1
2.3,0,3.475531915,1862,102,3.7,0
4.0,0,3.82,17,102,4.0,0
0.0,1,3.027777778,2259,102,3.9,1
3.7,0,2.991071429,3493,102,0.0,0
3.0,0,3.665625,2495,102,0.0,0
3.0,0,3.228205128,3345,102,3.1,0
4.0,0,3.4606060610000005,2259,102,3.7,1
3.7,0,4.0,283,102,3.7,1
0.0,1,3.4857142860000003,1996,102,3.2,0
2.0,0,3.07027027,3717,102,3.8,1
3.3,0,3.603333333,410,102,3.5,1
2.7,0,3.570833333,2259,102,3.7,1
2.3,0,3.5473684210000003,283,102,0.0,0
3.0,0,3.875,2495,102,0.0,1
3.0,0,3.904545455,17,102,3.9,0
2.3,0,3.38,17,102,3.6,1
4.0,0,4.139130435,17,102,3.2,1
3.3,0,3.9181818180000003,3345,102,3.7,0
2.3,0,2.772222222,410,102,0.0,1
2.7,0,3.3625,4230,102,0.0,1
4.0,0,4.0,56,102,0.0,0
1.7,0,3.433898305,56,102,3.7,1
2.7,0,3.140909091,1675,102,3.4,1
1.0,1,2.318604651,2259,102,3.74,0
3.3,0,3.505882353,2259,102,3.8,0
1.7,0,2.5,3558,102,3.8,1
0.0,1,3.043243243,410,102,3.6,1
1.7,0,2.807317073,1675,102,0.0,1
2.3,0,3.502702703,1895,102,3.8,0
3.4,0,3.645454545,846,102,2.4,1
2.0,0,2.847058824,3558,102,3.1,1
4.0,0,3.86,17,102,3.9,0
4.0,0,3.9379310339999996,3717,102,3.8,0
4.0,0,4.082352941,283,102,3.9,0
3.0,0,3.39047619,846,102,4.0,1
2.0,0,2.986111111,3493,102,3.7,1
2.0,0,3.009756098,1895,102,0.0,0
2.0,0,3.122222222,3345,102,4.0,1
2.7,0,2.954545455,1996,102,3.3,0
0.0,1,3.1555555560000004,4230,102,3.0,1
3.0,0,3.340540541,3558,102,3.8,1
2.3,0,2.8092307689999996,2889,102,3.1,1
4.0,0,3.1183098589999996,3717,102,4.0,0
0.0,1,3.0815789469999997,2889,102,3.8,1
1.0,1,2.951282051,3717,102,4.0,0
2.0,0,3.172727273,410,102,3.8,0
2.7,0,3.520930233,3345,102,3.9,1
0.0,1,2.219047619,846,102,3.8,1
1.0,1,3.446511628,1895,102,3.6,0
2.7,0,3.096610169,2259,102,3.0,0
1.7,0,2.584210526,3558,102,3.5,1
0.0,1,2.050649351,2889,102,3.1,1
2.7,0,3.2354838710000005,2259,102,3.9,0
0.0,1,2.448648649,3345,102,3.8,1
3.0,0,3.5764705880000003,2495,102,0.0,0
1.7,0,2.833898305,1996,102,0.0,1
3.7,0,3.741463415,3493,102,0.0,0
2.3,0,3.041025641,283,102,3.2,1
1.0,1,2.971428571,1675,102,3.2,1
4.0,0,3.82173913,410,102,3.7,0
3.0,0,3.539473684,56,102,0.0,0
3.0,0,3.578125,17,102,3.8,0
2.7,0,3.947368421,4683,102,3.8,0
2.7,0,3.614634146,3345,102,3.3,1
2.0,0,3.455,4683,102,4.0,1
4.0,0,4.186666667,4230,102,3.8,1
2.0,0,2.950704225,846,102,2.8,1
3.0,0,3.9181818180000003,2889,102,4.0,0
4.0,0,3.7476190480000002,3493,102,4.0,0
0.0,1,2.7,2495,102,3.0,1
4.0,0,4.0,283,102,3.7,1
1.7,0,3.305405405,1996,102,3.9,0
4.0,0,3.971428571,1862,102,3.8,0
1.7,0,2.528571429,3717,102,3.9,1
1.7,0,2.575609756,4230,102,3.6,1
2.7,0,3.2906976739999996,1996,102,3.9,0
1.3,0,2.275,1862,102,0.0,1
0.0,1,2.456451613,56,102,3.5,1
2.0,0,3.046511628,2259,102,0.0,0
2.3,0,2.97,2495,102,3.8,0
2.0,0,2.84,3558,102,3.2,1
4.0,0,4.082352941,283,102,3.7,1
2.0,0,2.882051282,3558,102,3.6,0
0.0,1,2.773809524,1862,102,3.7,0
0.0,1,2.282692308,1675,102,3.8,0
1.7,0,3.3061224489999996,1675,102,4.0,0
2.3,0,3.496428571,3493,102,3.3,1
0.0,1,3.035714286,2495,102,0.0,1
3.0,0,3.6,3493,102,3.7,0
3.0,0,3.5804347830000003,1996,102,3.5,1
3.0,0,3.33,1996,102,3.4,1
4.0,0,4.0518518519999995,4683,102,4.0,1
2.7,0,3.748837209,3493,102,3.6,1
3.0,0,3.13125,1675,102,0.0,0
2.3,0,3.3181818180000002,1996,102,4.0,1
2.0,0,3.8844444439999997,3345,102,3.7,0
3.0,0,3.821052632,2495,102,0.0,0
0.0,1,2.954545455,4683,102,4.0,1
2.0,0,3.382051282,283,102,3.7,0
2.0,0,3.241935484,1675,102,4.0,1
3.7,0,3.8190476189999996,56,102,4.0,1
2.7,0,3.5232558139999997,4683,102,3.9,0
0.0,1,1.925,1862,102,4.0,0
4.0,0,3.602272727,3558,102,2.9,1
3.3,0,3.4184210530000003,3493,102,0.0,1
3.3,0,3.7833333330000003,3057,102,3.3,0
0.0,1,3.0975,2495,102,4.0,1
0.7,1,1.9989898990000001,3717,102,2.7,0
2.0,0,3.346341463,846,102,4.0,1
4.0,0,4.042105263,4683,102,3.7,1
2.3,0,3.188,17,102,3.5,1
2.3,0,3.4864864860000004,4683,102,3.9,1
0.0,1,4.24,410,102,3.9,0
2.4,0,3.142857143,3493,102,3.7,0
3.3,0,3.2560975610000003,3057,102,3.7,0
4.0,0,3.904,56,102,3.43,1
2.7,0,3.464864865,3558,102,3.9,1
4.0,0,3.8160000000000003,1895,102,3.9,1
4.0,0,4.03,1895,102,0.0,0
4.0,0,3.883333333,2889,102,3.9,1
2.0,0,3.3652173910000003,3558,102,0.0,1
1.7,0,3.131111111,2259,102,3.7,0
0.0,1,4.02,410,102,3.8,1
4.0,0,4.073809524,2259,102,3.5,0
4.0,0,3.736,3057,102,3.5,1
4.0,0,3.9,3345,102,3.8,0
4.0,0,3.925,1996,102,3.9,0
3.0,0,3.321153846,4230,102,3.8,0
1.7,0,3.426086957,3493,102,3.5,0
2.7,0,3.0128205130000003,4683,102,3.9,0
3.3,0,3.231578947,1895,102,0.0,0
2.3,0,3.4960000000000004,1895,102,3.8,1
4.0,0,3.945454545,3345,102,3.1,0
0.0,1,3.0521739130000003,283,102,3.9,0
2.7,0,3.12,4230,102,3.7,0
2.7,0,2.48625,410,102,0.0,0
3.3,0,3.660869565,3493,102,3.7,1
2.7,0,3.6355555560000004,410,102,3.8,0
4.0,0,4.0,2259,102,3.8,0
4.0,0,3.5894736839999997,3493,102,3.9,1
3.4,0,3.679545455,56,102,3.9,0
4.0,0,3.3760000000000003,3057,102,3.9,0
0.0,1,3.060465116,1895,102,3.9,1
2.0,0,3.282051282,4683,102,4.0,0
2.0,0,3.18,846,102,4.0,0
4.0,0,4.0,56,102,0.0,1
4.4,0,4.4,1895,102,2.8,1
3.0,0,3.618181818,1675,102,3.9,0
4.0,0,3.808333333,2542,103,4.0,0
4.0,0,3.9363636360000003,56,103,4.0,0
3.7,0,3.788095238,2851,103,0.0,0
1.0,1,2.019047619,2851,103,2.8,1
2.0,0,3.055813953,56,103,3.4,1
3.3,0,3.4140350880000003,756,103,3.3,0
1.7,0,3.7209302330000003,56,103,4.0,1
2.7,0,3.4,2851,103,0.0,0
4.0,0,4.0,2237,103,3.3,0
4.0,0,3.692307692,756,103,3.7,1
3.0,0,3.3477272730000003,2851,103,3.7,0
2.3,0,2.960526316,2542,103,3.9,0
3.0,0,3.3,756,103,0.0,1
3.7,0,3.7,2237,103,3.8,1
4.0,0,3.276190476,56,103,3.5,1
2.0,0,3.276470588,2237,103,3.9,0
1.7,0,1.766666667,756,103,3.7,0
2.0,0,2.785714286,2542,103,3.7,1
0.0,1,2.673584906,756,103,3.74,1
2.3,0,2.931868132,2542,103,3.5,0
3.4,0,3.461904762,2851,103,3.5,1
0.0,1,2.8105263160000002,2851,103,0.0,0
2.7,0,3.007692308,756,103,3.9,0
3.3,0,3.7740740739999996,2542,103,3.9,1
2.3,0,2.216216216,56,103,3.7,1
1.7,0,2.105555556,2542,103,3.7,1
3.3,0,3.365853659,2542,103,2.9,0
3.3,0,3.907692308,756,103,3.6,0
3.3,0,3.133333333,756,103,3.9,1
3.4,0,3.4926315789999998,2542,103,3.9,0
2.3,0,3.563157895,56,103,3.9,1
3.4,0,3.260377358,56,103,3.5,1
2.7,0,3.506818182,756,103,3.7,0
1.0,1,2.373563218,2542,103,0.0,1
2.7,0,2.9762711860000004,2851,103,0.0,0
2.3,0,2.98372093,2851,103,3.7,0
3.3,0,3.234782609,2237,103,3.8,0
1.7,0,2.732258065,56,103,3.68,1
1.7,0,3.0,2851,103,3.9,0
2.7,0,2.719607843,2542,103,4.0,1
2.3,0,4.133333333,2851,103,3.5,1
2.0,0,2.707692308,2542,103,0.0,1
4.0,0,3.595454545,2542,103,4.0,0
4.0,0,4.0,2851,103,0.0,1
4.0,0,3.7157894739999997,2542,103,4.0,0
3.0,0,3.239215686,2237,103,3.9,1
3.7,0,3.880487805,2542,103,4.0,0
2.7,0,3.262162162,756,103,0.0,1
4.0,0,3.890909091,2851,103,3.8,1
2.0,0,2.7476190480000002,56,103,3.1,1
2.0,0,3.054761905,2237,103,3.9,0
1.0,1,2.15,2542,103,3.5,0
4.0,0,3.5720930230000003,756,103,4.0,0
2.3,0,2.3837837840000002,2542,103,3.9,0
2.7,0,3.467567568,756,103,3.7,1
0.0,1,2.815625,2237,103,3.9,1
2.0,0,2.974418605,2542,103,4.0,0
0.0,1,1.5719999999999998,56,103,3.9,0
0.0,1,2.335416667,56,103,3.74,0
3.7,0,3.293023256,2851,103,3.7,1
2.0,0,4.0,2851,103,0.0,1
4.0,0,3.47826087,2851,103,3.3,1
3.3,0,3.875,756,103,3.9,1
4.0,0,3.6159090910000002,2851,103,3.9,0
2.0,0,2.9,2237,103,3.8,1
0.0,1,3.180487805,756,103,0.0,0
3.7,0,4.056,2542,103,0.0,1
2.7,0,2.808474576,2542,103,2.7,0
2.0,0,3.28,2851,103,3.8,0
4.0,0,3.7,756,103,3.8,0
4.0,0,3.798305085,2851,103,3.5,1
2.7,0,3.316071429,56,103,3.9,1
0.0,1,2.467307692,756,103,3.9,1
2.3,0,3.089830508,2851,103,3.7,1
2.7,0,3.5883720930000003,56,103,3.7,1
3.0,0,3.2655172410000004,2542,103,3.6,0
3.0,0,3.005084746,2851,103,3.7,1
3.0,0,3.6425,756,103,3.1,1
2.7,0,3.3190476189999996,2032,107,3.7,1
3.0,0,3.866666667,733,107,3.8,0
3.3,0,3.883333333,3305,107,3.7,1
3.3,0,2.514893617,4396,107,3.7,0
2.7,0,3.031481481,2032,107,3.9,0
2.3,0,2.983146067,3305,107,3.4,1
4.0,0,3.913333333,3881,107,3.7,0
3.7,0,3.492307692,3305,107,0.0,1
4.0,0,3.4809523810000003,4396,107,0.0,0
3.0,0,3.556521739,4396,107,3.7,0
2.3,0,3.254545455,3305,107,3.9,0
3.3,0,3.201851852,3305,107,3.7,1
4.0,0,3.827272727,3881,107,4.0,0
2.7,0,3.727118644,4396,107,3.8,1
3.3,0,3.6039999999999996,3305,107,0.0,1
3.7,0,3.236363636,733,107,0.0,0
2.0,0,3.025,3881,107,3.9,0
2.3,0,3.5675675680000003,3305,107,4.0,0
4.0,0,3.6951219510000004,3305,107,3.6,0
2.3,0,3.122222222,2032,107,4.0,0
4.0,0,3.545614035,2032,107,3.7,1
3.3,0,3.225,3305,107,0.0,0
2.7,0,3.178571429,2032,107,3.5,0
1.7,0,2.4727272730000003,2032,107,3.7,1
3.7,0,3.285294118,733,107,3.3,0
2.0,0,3.053846154,4602,107,3.0,1
2.7,0,3.5333333330000003,4602,107,3.9,1
3.3,0,3.116666667,2032,107,0.0,1
1.0,1,2.353333333,3305,107,4.0,1
3.7,0,3.6243902439999998,4396,107,3.9,1
3.3,0,3.6039999999999996,2032,107,4.0,0
3.3,0,3.642857143,3305,107,3.8,0
3.7,0,3.4318181819999998,733,107,3.9,0
2.3,0,3.325,3305,107,3.1,1
3.3,0,3.771794872,733,107,4.0,1
2.7,0,3.5818181819999997,2032,107,3.7,0
1.7,0,3.05,3305,107,4.0,1
4.0,0,2.95,3881,107,3.3,1
3.3,0,3.344,4602,107,3.8,1
0.0,1,1.720408163,733,107,3.5,1
3.7,0,3.54047619,3881,107,4.0,0
3.3,0,3.4638888889999997,2032,107,3.7,1
0.0,1,2.8048780489999996,4396,107,3.9,1
2.3,0,3.505882353,3881,107,3.7,1
3.3,0,3.1820512819999998,4396,107,3.7,0
2.3,0,3.63877551,4602,107,3.6,0
3.0,0,3.5236842110000004,3881,107,3.4,1
2.7,0,3.253488372,4602,107,4.0,1
3.3,0,3.154545455,4396,107,0.0,1
2.7,0,3.47826087,2032,107,3.9,0
3.0,0,3.3090909089999996,2032,107,3.9,1
1.7,0,2.903773585,4396,107,3.5,1
3.3,0,3.873684211,4396,107,3.9,0
0.0,1,2.462037037,3305,107,3.8,0
2.7,0,3.210526316,4396,107,3.7,0
2.0,0,3.272727273,4396,107,3.9,1
3.3,0,3.472,2032,107,4.0,0
3.7,0,3.913043478,3305,107,3.9,1
2.0,0,3.3913043480000002,2032,107,4.0,1
4.0,0,3.522413793,3881,107,4.0,1
1.7,0,3.333333333,4602,107,3.8,1
2.7,0,3.255813953,4396,107,4.0,0
3.7,0,3.6375,4396,107,4.0,0
3.0,0,3.4934782610000004,4396,107,3.8,0
2.0,0,3.4489795919999997,733,107,3.9,1
2.4,0,3.014545455,4396,107,3.8,0
2.7,0,3.2285714289999996,4602,107,3.7,0
2.4,0,3.345454545,733,107,3.7,1
1.7,0,2.766666667,3881,107,3.6,0
2.7,0,3.781818182,2032,107,3.8,1
0.0,1,2.693333333,3881,107,3.9,0
3.4,0,3.494871795,3881,107,3.8,0
2.4,0,2.5761194030000003,3305,107,3.7,0
3.7,0,3.467567568,733,107,3.9,1
3.0,0,2.6575,4396,107,4.0,0
0.0,1,2.409677419,3305,107,3.74,1
3.0,0,3.2,3881,107,0.0,1
3.0,0,3.429787234,3881,107,3.7,1
4.0,0,3.618918919,733,107,3.9,1
3.3,0,3.925925926,733,107,2.6,1
0.0,1,3.053846154,2032,107,3.9,1
3.0,0,3.32,4602,107,4.0,1
3.0,0,3.313043478,4396,107,3.7,1
0.0,1,2.8973684210000004,733,107,3.9,1
2.7,0,3.079069767,3305,107,3.7,1
2.0,0,3.406818182,733,107,3.2,1
1.7,0,2.5,3881,107,3.4,1
1.7,0,2.285714286,3305,107,3.9,1
0.0,1,2.808333333,4602,107,3.6,1
4.0,0,3.944186047,3592,110,3.0,0
2.7,0,3.50952381,4797,110,3.6,0
1.7,0,3.3425,2635,110,2.2,0
2.3,0,3.6957446810000003,1773,110,3.8,0
4.0,0,3.836363636,2092,110,0.0,0
4.0,0,3.85,1773,110,0.0,0
3.0,0,4.029411765,4802,110,4.0,1
2.0,0,3.306382979,2092,110,4.0,0
3.0,0,3.507142857,4802,110,3.7,0
2.7,0,2.9906976739999998,3827,110,4.0,0
3.0,0,3.829166667,1773,110,3.3,1
4.0,0,4.028571428999999,2635,110,3.8,1
1.7,0,3.3372093019999998,695,110,3.3,0
2.7,0,3.477272727,2092,110,4.0,1
0.0,1,2.82,3592,110,4.0,0
0.0,1,3.226829268,4802,110,3.7,1
1.7,0,3.883333333,4797,110,4.0,0
2.7,0,3.595061728,3827,110,4.0,0
3.0,0,3.5139534880000003,3827,110,3.9,1
2.7,0,3.526190476,4797,110,0.0,0
3.7,0,3.671052632,2635,110,3.9,0
2.0,0,3.1439999999999997,3827,110,0.0,0
4.0,0,3.9111111110000003,695,110,3.6,1
4.0,0,4.0,1628,110,3.7,1
2.7,0,2.871428571,3391,110,3.5,0
1.7,0,3.130952381,4797,110,4.0,1
4.0,0,4.0,3717,110,3.8,0
2.3,0,3.223255814,3592,110,3.8,1
0.0,1,2.268421053,1628,110,4.0,1
0.0,1,3.0813559319999997,201,110,4.0,0
1.0,1,3.0658536589999996,4797,110,0.0,0
2.7,0,3.88,2635,110,3.9,1
4.0,0,4.044444444,3520,110,4.0,1
3.0,0,3.6728813560000004,3520,110,3.9,0
2.3,0,3.5439999999999996,3717,110,4.0,0
2.0,0,2.958974359,3827,110,3.7,1
4.0,0,3.9090909089999997,3592,110,3.8,1
2.3,0,3.5093023260000002,4802,110,4.0,1
3.0,0,3.3787234039999996,3391,110,3.7,1
4.0,0,3.765,695,110,3.7,1
3.7,0,3.959615385,3827,110,3.7,0
4.0,0,4.2370370369999995,2635,110,3.8,1
4.0,0,4.295652174,4797,110,3.7,0
0.0,1,3.2460000000000004,3827,110,3.93,0
4.0,0,4.0,1628,110,3.7,0
3.3,0,3.8,4802,110,3.1,1
4.0,0,4.254545455,4797,110,0.4,1
2.3,0,3.3339999999999996,201,110,3.9,1
2.7,0,3.766666667,201,110,4.0,1
2.3,0,3.334782609,2092,110,3.2,1
2.0,0,3.469047619,2092,110,3.7,1
0.0,1,2.4555555559999998,3717,110,0.0,1
2.0,0,3.109259259,3717,110,0.0,1
2.0,0,2.578378378,4802,110,4.0,0
3.3,0,3.433333333,2635,110,3.9,1
3.3,0,3.6639999999999997,2092,110,3.4,0
0.0,1,2.428205128,2092,110,3.5,1
2.0,0,3.451428571,1773,110,3.7,0
0.0,1,3.164814815,3592,110,3.74,1
4.0,0,3.8829268289999996,4797,110,4.0,1
1.7,0,3.5511627910000003,4802,110,3.7,1
4.0,0,3.536956522,3520,110,0.0,0
2.0,0,2.26744186,201,110,3.7,1
1.0,1,3.5605263160000002,3592,110,0.0,0
2.7,0,3.417073171,4802,110,3.9,1
2.3,0,3.5288888889999996,3520,110,4.0,1
0.0,1,3.5239999999999996,3391,110,3.7,0
2.7,0,3.411864407,3592,110,3.8,1
2.3,0,3.6357142860000002,2635,110,3.9,0
4.0,0,3.9148936169999997,4797,110,3.9,0
0.0,1,3.077083333,4802,110,3.3,1
4.0,0,3.873333333,2092,110,4.0,0
4.0,0,4.4,1773,110,3.7,1
2.3,0,3.8,3827,110,1.5,0
3.0,0,3.366666667,1628,110,4.0,1
0.0,1,2.97,3827,110,0.0,1
3.4,0,3.785714286,2092,110,0.0,1
3.3,0,3.7285714289999996,4797,110,3.8,1
4.0,0,3.932258065,201,110,2.8,1
2.4,0,3.660869565,1773,110,3.9,1
0.0,1,4.4,695,110,0.0,0
0.0,1,2.57804878,695,110,3.9,0
2.0,0,3.204761905,1773,110,3.7,1
2.4,0,3.162962963,4802,110,4.0,1
2.0,0,2.713333333,3717,110,2.9,1
0.0,1,3.672413793,4797,110,4.0,1
2.7,0,3.413953488,1628,110,3.9,1
0.0,1,3.176923077,3391,110,3.8,1
1.7,0,3.420689655,695,110,3.7,0
1.7,0,2.7285714289999996,201,110,3.7,1
2.0,0,3.807692308,3391,110,3.0,1
2.0,0,2.88,3717,110,3.7,0
4.0,0,3.6470588239999997,3391,110,3.1,0
4.0,0,3.9172413789999996,1628,110,3.9,0
3.3,0,3.775,3391,110,3.7,1
1.0,1,2.7,3520,110,3.7,1
2.3,0,3.3,2635,110,2.9,1
1.0,1,3.21,1628,110,3.74,0
3.0,0,3.3717948719999997,201,110,3.7,1
3.0,0,3.765116279,3520,110,3.8,1
4.0,0,3.9384615380000003,201,110,4.0,1
0.0,1,2.782,3592,110,0.0,0
4.0,0,3.9733333330000002,3520,110,0.0,0
2.7,0,3.8285714289999997,3391,110,4.0,0
0.0,1,2.934615385,2092,110,0.0,1
3.3,0,3.7357142860000003,2635,110,3.6,0
2.3,0,3.571428571,2092,110,0.0,1
2.7,0,3.5333333330000003,4802,110,3.9,0
4.0,0,3.92,3827,110,3.9,0
0.0,1,2.088235294,2092,110,4.0,0
4.0,0,4.127272727,3520,110,4.0,0
1.0,1,2.38,3717,110,3.74,1
2.7,0,2.9767441860000003,3717,110,3.9,0
3.7,0,3.85,4797,110,3.8,1
2.3,0,2.9,3520,110,3.9,1
4.0,0,3.8023255810000003,1628,110,3.9,0
4.0,0,3.8,4802,110,3.8,1
3.0,0,3.91875,695,110,3.97,1
2.4,0,3.234883721,3827,110,3.7,0
4.0,0,3.664835165,4797,110,2.8,1
4.0,0,3.736363636,3827,110,3.9,1
4.0,0,4.272,3391,110,3.4,1
2.0,0,3.4860465119999997,201,110,3.9,0
2.0,0,3.634146341,3827,110,3.4,0
4.0,0,3.627272727,3391,110,4.0,0
1.7,0,2.677272727,695,110,4.0,0
4.0,0,5.36,1773,110,3.5,0
0.0,1,3.133333333,3391,110,3.9,0
1.7,0,3.15952381,3717,110,4.0,1
2.3,0,3.260869565,3717,110,3.7,1
4.0,0,3.943373494,3391,110,4.0,0
4.0,0,4.145454545,2635,110,3.9,0
0.0,1,3.2166666669999997,695,110,4.0,0
1.7,0,2.9142857139999996,3520,110,3.9,0
3.3,0,3.7875,3520,110,3.9,0
3.0,0,3.239175258,3827,110,3.9,1
3.4,0,3.795555556,201,110,4.0,0
0.0,1,2.8,1773,110,0.0,0
4.0,0,3.8146341460000004,2092,110,3.9,0
1.7,0,3.8,3391,110,0.0,0
2.0,0,2.9930232560000003,201,110,3.9,0
0.0,1,3.175,3592,110,3.8,0
1.7,0,2.8825,3827,110,3.83,1
3.3,0,3.518181818,695,110,2.8,0
4.0,0,3.347826087,695,110,3.9,0
2.7,0,3.4292682930000002,1773,110,3.9,1
2.0,0,3.58,3827,110,4.0,0
4.0,0,3.5,2635,110,0.0,0
4.0,0,3.928,3520,110,4.0,0
4.0,0,4.0,3391,110,2.5,1
2.7,0,3.3469387760000004,695,110,3.4,1
2.0,0,3.2166666669999997,2092,110,0.0,0
2.3,0,2.976923077,4797,110,3.8,1
2.0,0,3.3103448280000003,201,110,3.9,0
4.0,0,3.552083333,2092,110,3.7,1
3.4,0,3.7523809519999998,1628,110,3.9,0
2.3,0,3.4375,3827,110,3.7,1
2.0,0,3.179069767,201,110,3.9,1
2.3,0,3.514102564,1628,110,0.0,0
2.0,0,3.568,3592,110,0.0,0
0.0,1,2.4466666669999997,1773,110,3.74,0
4.0,0,3.928,3827,110,3.8,0
3.4,0,3.366666667,695,110,0.0,0
2.0,0,2.643243243,1773,110,3.6,1
2.3,0,3.5459459460000002,2635,110,3.9,1
4.0,0,4.128,201,110,3.2,1
2.3,0,3.625,3827,110,3.9,0
2.7,0,3.17,3391,110,3.2,1
2.0,0,2.757407407,3520,110,4.0,0
3.0,0,3.5190476189999997,201,110,3.7,0
2.3,0,2.902173913,2092,110,0.0,0
1.7,0,3.702222222,3520,110,4.0,0
3.3,0,3.6363636360000005,2092,110,3.5,1
4.0,0,4.048,2635,110,3.4,0
2.0,0,2.781132075,3391,110,3.7,1
0.0,1,2.7285714289999996,1773,110,3.9,1
3.4,0,3.333333333,3592,110,0.0,0
4.0,0,4.295652174,3391,110,3.9,0
3.3,0,3.6339622639999996,2092,110,3.7,1
4.0,0,3.8285714289999997,201,110,3.9,0
4.0,0,3.8285714289999997,4797,110,4.0,1
2.0,0,3.046511628,2092,110,3.7,1
4.0,0,3.74,201,110,3.7,1
2.3,0,3.03,3717,110,3.8,0
3.0,0,3.525,1773,110,3.9,0
2.7,0,3.7973684210000003,4802,110,3.8,0
2.3,0,3.42,2635,110,3.2,1
2.3,0,3.2392857139999998,2092,110,3.7,1
2.0,0,3.495348837,2092,110,2.7,0
2.0,0,3.1395348839999997,4802,110,0.0,0
4.0,0,4.109090909,3592,110,4.0,1
4.0,0,3.702380952,2635,110,3.4,0
0.0,1,3.0342105260000003,3717,110,3.9,0
2.0,0,3.3181818180000002,4802,110,3.6,1
4.0,0,4.0518518519999995,3520,110,3.7,1
0.0,1,3.0128205130000003,4797,110,4.0,0
4.0,0,3.870967742,2635,110,4.0,0
3.0,0,3.347826087,4797,110,0.0,1
2.3,0,2.626086957,3717,110,3.8,0
4.0,0,3.5857142860000004,3592,110,0.0,1
2.3,0,2.845238095,3520,110,4.0,0
2.3,0,3.61627907,2635,110,3.5,1
2.3,0,3.3360000000000003,3592,110,0.0,0
2.0,0,3.0813953489999997,3520,110,0.0,0
2.3,0,3.6555555560000004,1628,110,4.0,0
0.0,1,3.9185185189999996,1773,110,4.0,0
0.0,1,3.227777778,2092,110,4.0,0
2.7,0,3.02,1773,110,0.0,0
4.0,0,4.128,201,110,4.0,1
2.3,0,3.1736842110000003,201,110,3.9,0
2.7,0,3.4813186810000003,4797,110,4.0,0
4.0,0,4.144,3827,110,3.7,0
2.3,0,3.445238095,1628,110,3.8,0
2.0,0,3.055813953,4797,110,3.6,1
2.3,0,2.986111111,3520,110,3.9,0
4.0,0,3.777777778,1773,110,3.7,1
2.4,0,3.577358491,4797,110,0.0,0
4.0,0,3.6606382980000003,4802,110,3.8,0
4.0,0,3.439285714,201,110,3.9,0
2.7,0,3.984,3592,110,3.6,1
4.0,0,4.0,3520,110,3.9,1
0.0,1,2.9201834860000004,3592,110,3.0,1
1.7,0,2.582857143,3520,110,4.0,1
3.0,0,3.274285714,4802,110,3.9,0
0.0,1,2.649206349,1773,110,3.6,1
1.0,1,3.224444444,3520,110,3.93,1
4.0,0,4.256,1628,110,3.5,1
3.7,0,3.71025641,1628,110,0.0,0
4.0,0,3.672727273,3182,111,3.7,1
1.7,0,3.642857143,2806,111,4.0,1
3.3,0,3.915384615,3182,111,3.4,1
4.0,0,3.7070175439999997,3182,111,3.9,0
1.7,0,2.685,3182,111,4.0,0
2.4,0,2.734285714,1546,111,3.9,0
2.0,0,3.234883721,3182,111,3.9,0
3.0,0,3.592682927,4247,111,3.8,0
3.3,0,3.33125,3182,111,3.7,1
2.0,0,2.8652173910000003,3003,111,4.0,1
0.0,1,2.9,3003,111,3.9,0
1.7,0,2.4384615380000003,3182,111,3.7,1
3.3,0,3.477272727,2806,111,3.7,1
3.0,0,3.210526316,2806,111,3.1,0
4.0,0,3.6611111110000003,2806,111,3.8,1
2.7,0,3.146808511,4247,111,2.2,0
3.0,0,3.416216216,4247,111,3.5,0
0.0,1,3.88,3003,111,3.74,1
3.0,0,3.188,2806,111,3.7,0
3.0,0,3.211904762,1546,111,2.9,1
1.7,0,2.36875,3182,111,3.0,1
4.0,0,4.048,2806,111,4.0,1
3.3,0,3.0,3003,111,3.7,0
3.3,0,3.9111111110000003,3472,111,3.7,0
2.0,0,3.131111111,3472,111,3.6,0
2.3,0,3.1565217389999995,3182,111,3.9,0
4.0,0,3.892857143,4247,111,3.7,1
2.0,0,3.12,2806,111,3.7,1
4.0,0,3.764705882,3472,111,3.7,0
3.0,0,3.6909090910000004,1546,111,3.6,1
0.0,1,3.542857143,3182,111,3.9,0
2.0,0,3.088095238,3472,111,0.0,0
4.0,0,3.8025,2806,111,3.6,1
2.7,0,3.84,3003,111,3.9,1
2.0,0,3.120512821,4247,111,3.8,0
3.3,0,3.7,3472,111,4.0,1
2.0,0,2.9435897439999996,4247,111,3.7,0
2.0,0,3.1423076919999997,3182,111,2.9,0
1.7,0,1.765853659,2806,111,3.9,0
2.3,0,3.384615385,2806,111,0.0,1
4.0,0,3.748837209,4247,111,3.8,1
2.7,0,3.722222222,1546,111,0.0,1
2.0,0,2.977777778,1546,111,3.9,1
0.0,1,3.031428571,3003,111,3.8,0
2.7,0,3.545,3003,111,3.8,1
1.0,1,2.187179487,3472,111,3.8,0
3.3,0,3.6639999999999997,4247,111,3.8,1
1.7,0,2.522222222,3472,111,2.9,1
1.7,0,4.12,3003,111,3.8,1
3.3,0,3.353030303,3472,111,3.7,1
4.0,0,3.481818182,2806,111,3.4,1
2.7,0,2.9261904760000004,1546,111,3.7,0
4.0,0,3.95862069,2806,111,3.7,1
3.7,0,3.4,2806,111,3.8,0
3.3,0,3.7209302330000003,2806,111,3.7,0
2.0,0,2.9090909089999997,1546,111,3.6,1
3.3,0,3.5857142860000004,2806,111,3.77,1
0.0,1,3.442424242,4247,111,3.9,0
2.3,0,3.4375,2806,111,3.6,0
0.0,1,2.922727273,3472,111,3.7,0
2.7,0,3.4645161289999997,1546,111,3.9,0
3.3,0,3.711111111,1546,111,4.0,1
2.7,0,3.55,4247,111,3.6,1
0.0,1,2.344444444,2806,111,3.7,0
1.7,0,2.782300885,1546,111,4.0,1
4.0,0,3.912,4247,111,3.7,0
3.7,0,3.804651163,3182,111,3.8,0
4.0,0,3.695238095,2806,111,3.5,0
4.0,0,3.9857142860000003,1546,111,3.1,0
1.7,0,2.65,3472,111,3.9,1
2.3,0,3.4,3182,111,0.0,1
3.3,0,3.925925926,3003,111,3.7,0
2.7,0,3.51627907,1546,111,3.8,0
4.0,0,3.7833333330000003,1546,111,3.8,1
3.7,0,3.5090909089999998,2806,111,4.0,0
1.7,0,2.970967742,4247,111,3.9,0
3.0,0,3.784,3182,111,3.2,0
3.0,0,3.077777778,4247,111,3.4,0
2.3,0,3.3081081080000003,2806,111,3.7,0
3.3,0,3.497674419,3182,111,3.6,0
1.7,0,2.65,1546,111,3.8,0
3.0,0,3.504761905,2806,111,3.82,1
3.7,0,3.5170731710000003,3182,111,3.9,1
3.3,0,3.464,4247,111,3.6,0
4.0,0,3.4707317069999997,1546,111,3.8,0
3.0,0,3.2714285710000004,3003,111,3.7,1
0.0,1,2.355813953,3472,111,3.8,0
1.0,1,2.03559322,3003,111,3.5,0
0.0,1,3.5,3182,111,4.0,1
4.0,0,3.275471698,3003,111,3.4,0
0.0,1,2.98,2806,111,3.5,1
0.0,1,2.863157895,1546,111,3.9,0
0.0,1,3.45,2806,111,3.9,0
1.7,0,2.747222222,4247,111,3.8,1
2.3,0,3.3913043480000002,4247,111,3.9,0
2.0,0,3.167567568,1546,111,3.7,1
2.3,0,2.91025641,1546,111,3.7,0
2.7,0,3.321428571,3472,111,2.9,0
0.0,1,2.88,3472,111,3.6,1
2.7,0,3.712195122,3003,111,3.7,1
4.0,0,3.6955555560000004,2806,111,3.6,1
2.0,0,3.011666667,1546,111,3.9,1
0.0,1,2.477380952,2806,111,3.8,1
1.7,0,2.542857143,3472,111,3.9,1
2.3,0,2.8176470589999996,1546,111,2.9,1
4.0,0,3.784,3003,111,0.0,1
0.0,1,2.9315789469999998,4247,111,0.0,1
4.0,0,4.0,3003,111,3.7,1
3.0,0,3.453191489,3472,111,3.7,0
2.7,0,3.4661971830000002,3003,111,3.0,1
4.0,0,3.575,2140,114,3.4,0
2.7,0,3.481818182,664,114,0.0,0
1.0,1,3.127272727,2140,114,3.6,0
4.0,0,3.7241379310000005,3766,114,3.7,1
1.0,1,2.0825,629,114,0.0,0
1.7,0,3.4960000000000004,1209,114,4.0,1
2.7,0,3.64,761,114,3.7,0
4.0,0,3.739130435,2837,114,3.3,0
2.4,0,2.766666667,3766,114,3.9,0
2.3,0,3.9,3821,114,4.0,0
1.0,1,3.1909090910000004,1250,114,3.7,1
3.0,0,3.424137931,761,114,3.6,0
2.3,0,3.660869565,664,114,0.0,0
4.0,0,4.0,1250,114,3.9,0
3.0,0,4.0,629,114,3.5,1
1.7,0,3.32,629,114,4.0,1
3.3,0,2.88,1209,114,3.9,1
1.7,0,2.76,629,114,4.0,0
4.0,0,3.9415730339999997,3766,114,3.7,0
0.0,1,2.7829268289999995,664,114,3.6,1
2.3,0,3.604545455,629,114,3.3,1
2.3,0,2.888,1250,114,3.9,0
4.0,0,3.477777778,1250,114,3.7,1
1.0,1,4.41,3766,114,3.8,1
4.0,0,3.6,761,114,3.9,0
0.0,1,2.696875,3766,114,0.0,0
4.0,0,3.9,2140,114,0.0,0
4.0,0,3.7270270269999997,2837,114,4.0,0
4.0,0,3.9,2837,114,3.6,1
3.0,0,3.6470588239999997,1250,114,4.0,0
2.3,0,2.910869565,2140,114,3.9,1
4.0,0,4.0,629,114,0.0,0
2.0,0,3.408510638,3766,114,0.0,1
2.7,0,3.1063829789999997,2837,114,4.0,0
3.3,0,3.588571429,2837,114,0.0,1
1.7,0,3.5090909089999998,2837,114,3.7,1
1.3,0,2.8857142860000002,3262,114,3.93,0
1.7,0,3.169767442,2112,114,4.0,1
2.4,0,3.255813953,664,114,0.0,1
2.3,0,2.562886598,2054,114,4.0,0
4.0,0,3.94375,1250,114,3.8,0
4.0,0,2.92173913,3821,114,3.5,1
4.0,0,3.720408163,2140,114,3.9,0
0.0,1,3.592307692,761,114,3.2,1
1.7,0,3.3,629,114,3.9,0
1.0,1,3.351282051,1209,114,3.6,0
2.0,0,3.2473684210000004,761,114,3.8,0
4.0,0,4.0,3821,114,3.9,0
3.0,0,3.145454545,1209,114,4.0,1
3.0,0,3.186666667,629,114,3.7,0
0.0,1,2.66,2099,114,3.1,0
2.7,0,3.3384615380000002,2837,114,3.9,0
0.0,1,3.110416667,664,114,3.9,0
3.0,0,2.775,2054,114,3.7,1
2.0,0,3.054901961,664,114,3.7,1
3.3,0,3.375,2140,114,4.0,0
4.0,0,3.7714285710000004,3821,114,3.78,0
3.0,0,3.5542857139999997,761,114,3.7,0
0.0,1,3.0279069769999998,2099,114,2.9,1
2.3,0,3.0113636360000005,2837,114,3.7,0
0.0,1,1.9304347830000002,3766,114,3.8,0
2.0,0,2.204761905,1250,114,3.7,1
2.0,0,2.740540541,2112,114,4.0,0
2.7,0,3.035714286,3262,114,0.0,1
2.0,0,2.966037736,761,114,4.0,0
4.0,0,3.968421053,2140,114,3.8,1
2.3,0,2.75,3766,114,3.5,0
4.0,0,4.0260869569999995,2112,114,3.4,1
4.0,0,4.056,3821,114,3.7,0
2.3,0,3.2107142860000004,3821,114,3.7,0
3.0,0,3.742857143,629,114,3.7,1
3.3,0,3.8055555560000003,629,114,3.7,1
4.0,0,4.0,629,114,4.0,0
2.7,0,3.3836363639999996,761,114,4.0,0
2.0,0,2.935135135,3821,114,3.7,0
2.7,0,3.6571428569999997,2140,114,4.0,0
0.0,1,3.06969697,664,114,4.0,1
2.3,0,2.858974359,2054,114,4.0,1
1.7,0,3.1024390239999997,3821,114,3.8,1
4.0,0,3.747826087,2112,114,3.8,0
2.7,0,2.8310344830000003,664,114,0.0,1
3.4,0,3.864,1250,114,3.8,1
0.0,1,3.205714286,3262,114,3.9,1
3.0,0,3.607142857,3262,114,3.7,0
2.7,0,3.371428571,3821,114,4.0,0
2.7,0,3.53015873,2099,114,3.9,0
3.3,0,3.27,3821,114,0.0,1
2.3,0,3.517021277,1209,114,4.0,0
4.0,0,3.895652174,2140,114,3.7,0
3.3,0,3.634146341,2112,114,3.4,1
2.3,0,3.763043478,2140,114,0.0,0
4.0,0,3.736363636,1209,114,3.6,0
3.3,0,3.59,1250,114,4.0,0
2.0,0,3.8,2099,114,0.0,0
3.3,0,3.630555556,629,114,3.7,1
1.0,1,2.711111111,3262,114,2.5,1
2.7,0,2.978947368,2099,114,4.0,0
3.0,0,3.2438596489999996,2837,114,3.9,0
2.7,0,3.6319999999999997,2099,114,3.9,1
3.0,0,3.428571429,3262,114,3.9,1
1.7,0,3.227906977,761,114,3.7,1
4.0,0,3.964705882,664,114,2.9,0
3.0,0,3.6853658539999996,1250,114,3.8,1
3.7,0,3.302272727,1250,114,3.5,1
4.0,0,3.942857143,1250,114,0.0,0
3.7,0,3.765116279,1209,114,3.8,1
2.7,0,3.8090909089999996,1250,114,0.0,0
3.4,0,3.18974359,2099,114,3.9,0
1.7,0,3.0883720930000003,3262,114,3.9,0
4.0,0,4.0,664,114,3.0,0
3.0,0,3.566666667,3821,114,3.6,0
4.0,0,3.17,3766,114,3.8,1
2.0,0,2.7,3262,114,3.9,0
3.0,0,3.2840909089999997,2099,114,0.0,1
3.0,0,2.9512195119999998,629,114,3.3,0
0.0,1,2.465217391,3821,114,3.74,0
4.0,0,3.800952381,2112,114,3.9,1
4.0,0,3.7864864860000003,2054,114,3.1,1
3.7,0,3.871428571,761,114,4.0,1
4.0,0,3.936842105,1209,114,0.0,0
2.3,0,3.702222222,3262,114,3.1,0
2.7,0,3.7,2140,114,3.9,1
4.0,0,4.0,3262,114,3.9,1
3.0,0,3.678947368,2099,114,3.2,0
2.0,0,2.469047619,2054,114,4.0,0
4.0,0,4.026829268,2837,114,3.7,1
2.0,0,3.451851852,3262,114,3.7,1
2.7,0,3.673170732,2054,114,3.9,0
2.0,0,3.25,761,114,0.0,1
4.0,0,3.931707317,2112,114,3.7,1
4.0,0,3.791304348,2099,114,3.7,1
1.7,0,2.8,2837,114,4.0,0
3.3,0,3.12,2099,114,3.8,1
3.3,0,3.4651162789999996,1250,114,3.9,1
1.7,0,3.3037037039999997,3821,114,3.8,1
0.0,1,1.9304347830000002,3766,114,3.6,0
2.7,0,3.7448275860000004,664,114,3.9,0
2.0,0,3.28372093,2099,114,4.0,1
0.0,1,2.706976744,1209,114,3.8,0
3.3,0,3.60625,3821,114,3.6,0
3.3,0,4.056,2837,114,0.0,0
2.0,0,2.794871795,3821,114,4.0,0
2.4,0,3.175,3262,114,3.8,0
0.0,1,3.2132075469999997,2112,114,3.8,1
2.7,0,3.4707317069999997,2140,114,3.6,0
3.3,0,3.853333333,2837,114,3.0,1
2.3,0,3.851851852,629,114,3.3,1
0.0,1,2.6383333330000003,2112,114,2.8,1
2.0,0,3.3285714289999997,664,114,3.8,1
2.4,0,3.37,1250,114,3.7,1
3.0,0,3.719047619,3821,114,3.6,1
4.0,0,4.1565217389999995,1250,114,3.7,0
4.0,0,3.8477272730000003,2054,114,0.0,1
1.7,0,2.94625,2054,114,3.7,1
2.0,0,3.5105263160000004,629,114,3.9,0
3.0,0,3.4375,3821,114,3.7,1
4.0,0,3.927272727,2140,114,0.0,1
4.0,0,3.94375,1209,114,3.6,1
4.0,0,3.5857142860000004,2140,114,3.58,0
2.0,0,3.420454545,664,114,0.0,0
4.0,0,3.808333333,761,114,4.0,1
3.4,0,4.0,1250,114,3.3,0
4.0,0,3.9826086960000002,2140,114,0.0,0
2.3,0,3.208510638,664,114,2.8,1
1.0,1,2.195238095,1209,114,4.0,1
2.0,0,3.37804878,2112,114,3.96,0
2.3,0,2.664516129,1209,114,4.0,0
3.0,0,3.092307692,2054,114,3.7,1
4.0,0,4.1652173910000005,2837,114,0.0,0
2.0,0,3.445454545,1209,114,3.9,0
3.0,0,3.388095238,2837,114,3.7,0
4.0,0,3.8270270269999997,1209,114,3.4,1
2.0,0,3.1135135139999996,664,114,4.0,0
4.0,0,4.0,1209,114,4.0,0
4.0,0,4.224,2099,114,3.9,1
3.0,0,3.8434782610000005,3821,114,3.8,0
3.7,0,3.556521739,2112,114,3.8,0
2.7,0,3.619512195,2837,114,3.7,1
2.0,0,3.24047619,3262,114,0.0,0
1.7,0,2.86,664,114,0.0,1
0.0,1,2.959090909,1209,114,3.8,0
3.4,0,3.4512195119999998,3766,114,3.8,1
1.7,0,2.93,3766,114,3.7,0
4.0,0,4.1743589739999996,761,114,3.7,0
2.0,0,3.6571428569999997,3766,114,3.4,0
1.7,0,3.255813953,1209,114,3.8,0
2.7,0,2.997402597,2099,114,0.0,1
0.0,1,1.716666667,2054,114,3.7,0
4.0,0,3.858139535,664,114,3.7,1
4.0,0,3.8080000000000003,629,114,3.8,0
2.3,0,3.6039999999999996,1209,114,3.9,0
3.0,0,3.4543478260000002,3821,114,4.0,1
1.0,1,2.9488372089999997,2837,114,3.9,0
2.0,0,3.4560000000000004,2099,114,4.0,1
4.0,0,3.94375,2099,114,4.0,1
3.3,0,3.7276595739999996,3262,114,3.7,1
1.7,0,3.32,664,114,4.0,0
0.0,1,3.007407407,761,114,3.9,1
2.7,0,3.34,664,114,3.6,1
2.0,0,3.310204082,1250,114,3.7,0
1.7,0,3.410810811,3262,114,3.6,0
3.7,0,4.059259259,761,114,3.2,1
4.0,0,4.295652174,2140,114,3.9,0
4.0,0,3.772727273,3821,114,3.7,0
2.7,0,3.508,761,114,4.0,1
4.0,0,4.0,1250,114,1.3,0
1.7,0,3.270588235,2054,114,3.9,1
3.3,0,4.112,664,114,4.0,1
0.0,1,3.5090909089999998,2099,114,3.8,0
4.0,0,3.6723404260000003,2837,114,3.6,1
2.7,0,3.330555556,629,114,3.9,1
3.7,0,3.876190476,2099,114,4.0,1
4.0,0,3.746511628,2140,114,3.3,1
1.0,1,2.620930233,664,114,3.9,0
3.7,0,4.139130435,3821,114,3.8,1
4.0,0,3.52,2112,114,3.9,0
2.3,0,3.57037037,3262,114,3.3,1
2.7,0,3.34,629,114,3.8,0
4.0,0,4.0,3410,115,3.5,1
2.3,0,3.3636363639999995,4471,115,3.9,1
2.0,0,3.3090909089999996,2358,115,3.7,1
2.7,0,3.55625,4471,115,0.0,0
3.7,0,3.502777778,500,115,3.7,0
3.3,0,3.547826087,3410,115,4.0,1
4.0,0,3.877192982,3410,115,3.8,1
3.3,0,3.94893617,3410,115,3.7,1
2.3,0,3.1761363639999995,3410,115,3.7,1
2.3,0,3.4960000000000004,4471,115,3.3,0
3.0,0,3.4447368419999997,2485,115,3.7,0
2.3,0,3.137037037,3898,115,4.0,1
2.4,0,2.8,4471,115,4.0,0
3.3,0,3.354166667,2358,115,3.7,0
2.7,0,3.154545455,4471,115,3.7,0
3.3,0,3.714285714,3410,115,3.6,1
2.7,0,3.5090909089999998,2485,115,3.7,1
2.7,0,3.272,500,115,3.7,0
1.7,0,2.282692308,500,115,4.0,0
1.7,0,3.2,2358,115,3.1,0
2.7,0,3.0239999999999996,2358,115,3.7,1
4.0,0,3.535,2358,115,0.0,1
4.0,0,3.623913043,3410,115,3.9,0
2.7,0,3.023076923,3410,115,3.8,0
4.0,0,3.9826086960000002,3410,115,3.7,1
2.0,0,3.4283582089999998,3898,115,3.5,1
3.0,0,2.8754385960000004,500,115,3.7,0
1.7,0,2.576190476,3898,115,3.2,1
2.7,0,3.459259259,4471,115,3.9,1
3.0,0,2.721428571,2485,115,3.6,0
2.7,0,2.946341463,2358,115,0.0,1
3.0,0,3.292307692,500,115,3.4,1
2.7,0,3.145454545,2358,115,3.4,0
3.7,0,3.6340909089999998,2485,115,3.5,1
0.0,1,2.5,2485,115,3.74,0
1.7,0,3.1642857139999996,500,115,3.8,1
3.0,0,3.261904762,3410,115,3.3,1
2.7,0,2.980821918,500,115,3.9,1
3.4,0,3.389795918,2358,115,3.4,1
4.0,0,3.88,3410,115,4.0,0
2.4,0,2.9,2485,115,3.9,0
1.7,0,3.2357142860000003,4471,115,0.0,0
2.7,0,3.5023809519999998,3410,115,0.0,1
2.0,0,2.525,2485,115,3.7,1
2.4,0,3.4023809519999997,500,115,3.9,0
1.7,0,2.631707317,3898,115,3.8,0
3.7,0,3.8080000000000003,4471,115,0.0,1
1.7,0,3.305405405,3410,115,3.9,0
4.0,0,3.437037037,3410,115,3.6,1
0.0,1,2.7058823530000002,4471,115,3.5,1
2.7,0,3.6319999999999997,2485,115,3.7,1
4.0,0,3.9214285710000003,3410,115,3.4,1
2.7,0,3.266666667,2358,115,3.4,1
1.7,0,3.462857143,4471,115,3.7,0
4.0,0,2.96,4471,115,3.9,1
3.0,0,3.3222222219999997,4471,115,4.0,0
2.3,0,3.3285714289999997,2485,115,0.0,1
4.0,0,3.631034483,4471,115,3.7,1
2.0,0,2.263043478,3410,115,3.6,0
2.7,0,3.324528302,4471,115,3.8,1
2.7,0,3.1314285710000003,2358,115,3.3,0
3.4,0,3.617948718,2358,115,3.3,1
1.3,0,2.93,2358,115,3.1,1
1.7,0,2.0559322030000002,3410,115,3.7,1
2.7,0,2.645454545,3410,115,3.3,1
4.0,0,3.60952381,2485,115,3.9,1
3.0,0,3.7953488369999997,3410,115,3.7,0
2.7,0,3.3280000000000003,500,115,3.5,0
3.0,0,3.0613636360000003,3410,115,3.9,1
2.7,0,3.4,3898,115,3.7,1
3.7,0,3.52,2358,115,3.9,0
2.0,0,2.8270270269999997,2358,115,3.5,0
3.0,0,3.65,4471,115,3.9,0
2.7,0,2.961538462,3898,115,3.9,0
0.0,1,1.990909091,500,115,4.0,0
2.3,0,3.207407407,3898,115,0.0,1
4.0,0,3.71641791,500,115,3.8,0
2.3,0,3.1571428569999997,500,115,4.0,0
4.0,0,3.68,4471,115,3.5,0
4.0,0,3.5589743589999996,2358,115,4.0,1
1.7,0,2.597222222,3410,115,4.0,0
2.3,0,3.7327586210000003,4471,115,3.7,0
2.4,0,3.284,2358,115,4.0,1
4.0,0,3.851162791,3410,115,0.0,0
4.0,0,3.77804878,3898,115,3.3,0
2.0,0,3.0435897439999997,2358,115,3.8,1
3.3,0,3.583333333,4471,115,4.0,0
2.7,0,3.616,3410,115,3.7,0
2.0,0,3.130882353,2358,115,3.1,0
4.0,0,3.703448276,2358,115,2.0,1
0.0,1,1.94,3410,115,3.1,1
4.0,0,3.961818182,4471,115,3.9,1
2.0,0,2.447058824,2358,115,4.0,1
2.3,0,3.213953488,2485,115,3.9,0
1.7,0,2.736363636,2485,115,3.9,0
2.3,0,3.0470588239999996,2358,115,3.7,1
1.7,0,3.2339285710000003,3898,115,3.9,1
2.7,0,3.645454545,3898,115,4.0,1
0.0,1,2.24893617,3898,115,0.0,1
3.3,0,2.965853659,2358,115,3.6,0
2.4,0,3.180487805,3909,118,3.7,0
4.0,0,3.781818182,3660,118,3.9,0
2.7,0,3.957142857,2204,118,3.6,0
3.0,0,4.056,2120,118,4.0,1
4.0,0,3.5090909089999998,2754,118,3.6,0
4.0,0,3.790625,3660,118,3.7,0
3.0,0,3.514705882,3660,118,4.0,0
1.7,0,2.946341463,2204,118,3.4,0
0.0,1,3.293103448,2204,118,0.0,0
4.0,0,4.0,3660,118,3.7,1
4.0,0,3.683018868,834,118,3.4,0
0.0,1,2.9142857139999996,3727,118,0.0,1
3.3,0,3.834782609,506,118,0.0,1
2.7,0,3.4375,3727,118,3.3,0
2.7,0,2.767346939,834,118,3.97,0
4.0,0,4.137931034,4582,118,3.2,1
3.3,0,3.08,3717,118,3.9,0
4.0,0,4.095,4699,118,0.0,1
1.7,0,1.92972973,834,118,4.0,1
3.3,0,3.8080000000000003,95,118,3.6,1
2.3,0,3.282608696,2754,118,4.0,0
2.7,0,2.9205128210000004,3727,118,3.7,0
2.7,0,3.3456521739999996,2204,118,4.0,1
2.0,0,2.707692308,4031,118,3.7,1
1.7,0,3.158536585,4699,118,3.2,0
1.7,0,3.0594594589999997,4699,118,3.6,1
3.0,0,3.262162162,4605,118,3.7,1
3.0,0,3.4767441860000003,95,118,3.9,0
1.7,0,2.826666667,3727,118,3.7,0
4.0,0,4.1743589739999996,834,118,3.9,0
0.0,1,3.27,4582,118,4.0,0
2.0,0,3.209090909,3717,118,0.0,1
0.0,1,3.171794872,3717,118,3.3,1
3.0,0,4.0,4699,118,3.2,0
2.7,0,3.205263158,506,118,4.0,0
2.7,0,3.378571429,4605,118,3.7,1
3.0,0,3.365517241,3909,118,3.9,0
3.0,0,3.395744681,2754,118,0.0,1
2.7,0,3.7739130430000003,95,118,3.6,0
1.0,1,3.4666666669999997,2120,118,3.4,1
0.0,1,3.2210526319999997,834,118,0.0,0
2.7,0,3.765217391,506,118,3.7,0
2.7,0,3.195238095,4582,118,4.0,1
3.0,0,3.707317073,4605,118,4.0,1
2.7,0,2.9071428569999997,3660,118,3.8,1
3.7,0,3.72,834,118,3.8,0
0.0,1,3.43,506,118,3.7,0
1.0,1,3.275471698,834,118,3.3,0
2.7,0,3.4517241380000003,2754,118,0.0,1
2.7,0,3.248,4699,118,3.7,0
3.0,0,3.886046512,4582,118,3.7,1
2.7,0,3.461904762,4605,118,3.5,1
4.0,0,4.042105263,95,118,4.0,0
4.0,0,3.7528089889999996,4582,118,3.7,0
3.4,0,3.7157894739999997,4699,118,3.7,1
3.7,0,3.925,4605,118,3.7,1
2.7,0,3.231578947,4699,118,3.1,1
2.7,0,3.104347826,4031,118,3.8,0
4.0,0,4.08,4605,118,3.6,1
2.0,0,3.786046512,4582,118,3.9,0
2.3,0,3.0,2204,118,3.9,0
3.0,0,3.3688524589999997,4605,118,2.9,0
3.3,0,3.592,3909,118,3.9,0
4.0,0,3.9666666669999997,2120,118,0.0,0
2.7,0,3.2365853660000004,834,118,4.0,0
3.3,0,3.558139535,95,118,3.9,0
0.0,1,3.0023809519999998,2120,118,3.74,1
2.7,0,3.776190476,95,118,3.7,1
2.4,0,2.790909091,2754,118,3.7,0
2.7,0,3.48,4031,118,2.6,1
2.7,0,3.518181818,3660,118,3.7,1
2.7,0,3.582142857,4582,118,3.8,0
0.0,1,3.085,4031,118,3.74,0
3.0,0,3.564285714,2120,118,3.9,1
1.0,1,2.728787879,3727,118,3.7,1
4.0,0,3.55625,4699,118,3.2,1
2.0,0,3.4651162789999996,4582,118,3.8,1
0.0,1,2.886046512,2204,118,4.0,0
2.3,0,3.5355555560000003,4699,118,0.0,0
4.0,0,4.06,4605,118,4.0,0
2.7,0,3.09,3727,118,3.7,0
4.0,0,3.858139535,3660,118,3.7,0
2.0,0,3.1840909089999996,506,118,3.6,1
4.0,0,3.4186046510000003,4605,118,0.0,0
2.0,0,2.8132075469999998,3717,118,3.9,1
2.7,0,3.5857142860000004,2120,118,3.9,1
4.0,0,3.552380952,4605,118,4.0,0
1.7,0,3.5725,3909,118,3.8,0
1.7,0,2.9511111110000003,2204,118,0.0,0
2.4,0,3.266666667,4031,118,3.7,1
3.0,0,3.72195122,2754,118,0.0,0
3.3,0,4.0,3660,118,0.0,0
4.0,0,3.9181818180000003,4582,118,3.2,0
1.7,0,2.4666666669999997,4605,118,3.7,0
4.0,0,4.0,2754,118,3.1,0
3.3,0,3.571428571,2204,118,3.3,1
0.0,1,2.8711111110000003,3717,118,3.7,0
1.7,0,2.665151515,3727,118,3.6,0
3.3,0,3.7680000000000002,2754,118,3.6,0
2.0,0,3.734146341,3909,118,3.5,0
3.3,0,3.33,834,118,3.8,1
2.3,0,3.405,4699,118,3.6,1
3.0,0,3.596774194,3717,118,0.0,0
3.3,0,3.611764706,3909,118,3.9,0
0.0,1,3.1686274510000003,4031,118,3.7,0
4.0,0,4.0,4605,118,4.0,0
2.0,0,3.435714286,506,118,4.0,0
4.0,0,4.114285714,3717,118,4.0,0
4.0,0,3.984,3909,118,2.4,0
2.3,0,3.145714286,2754,118,3.9,0
3.0,0,3.928,4699,118,3.7,0
2.7,0,3.644444444,3660,118,3.9,0
3.4,0,3.6511627910000004,4699,118,3.7,1
4.0,0,3.674468085,2120,118,4.0,1
2.0,0,3.041025641,834,118,0.0,1
4.0,0,3.723809524,506,118,3.7,1
3.0,0,3.893333333,2120,118,3.9,0
3.7,0,3.3526315789999996,834,118,4.0,1
4.0,0,3.85,2754,118,3.83,1
2.3,0,3.1439999999999997,3660,118,3.5,1
3.0,0,3.904,2204,118,3.6,1
1.7,0,3.2941176469999998,3727,118,3.5,0
1.7,0,2.984,4699,118,3.7,0
4.0,0,4.171428571,3717,118,4.0,0
2.3,0,3.616,2204,118,3.9,1
1.7,0,2.9666666669999997,2754,118,0.0,0
0.0,1,3.048,3909,118,0.0,0
4.0,0,3.658536585,4699,118,4.0,1
0.0,1,3.9707317069999997,4031,118,0.0,0
3.0,0,3.3372093019999998,3717,118,4.0,1
2.7,0,3.2847826089999996,3727,118,3.6,0
3.4,0,3.784,834,118,3.5,1
2.0,0,2.713333333,3727,118,0.0,1
3.4,0,3.170731707,2754,118,4.0,0
2.3,0,3.3870967739999998,2120,118,3.9,1
2.3,0,3.736,2204,118,3.7,1
0.0,1,2.66,95,118,0.0,0
2.4,0,3.0625,4031,118,3.4,1
1.0,1,3.111363636,95,118,4.0,1
4.0,0,3.858139535,4605,118,0.0,0
3.0,0,3.5815789469999997,4031,118,3.1,1
4.0,0,3.5,4582,118,3.4,0
3.7,0,3.435714286,2120,118,3.8,1
2.0,0,3.5069767439999997,3717,118,3.7,0
2.3,0,3.433333333,4031,118,3.5,1
3.4,0,3.8526315789999996,4699,118,3.3,0
3.3,0,3.739130435,3717,118,0.0,0
4.0,0,3.891891892,3909,118,0.0,0
2.4,0,3.4960000000000004,4031,118,3.9,1
2.0,0,3.1839999999999997,2754,118,0.0,1
4.0,0,4.191304348,2120,118,3.8,0
2.7,0,3.12,4582,118,0.0,0
4.0,0,3.9384615380000003,2754,118,3.8,1
4.0,0,3.5826086960000003,506,118,3.7,0
3.3,0,3.1826086960000004,3717,118,3.9,0
2.7,0,3.528205128,4605,118,0.0,0
2.7,0,3.9360000000000004,4031,118,3.9,1
2.3,0,3.1,4031,118,3.9,1
0.0,1,3.297222222,2754,118,3.5,1
4.0,0,3.925,4605,118,0.0,0
2.0,0,3.5333333330000003,3727,118,3.9,0
1.7,0,3.074074074,3727,118,4.0,1
2.3,0,3.236111111,2754,118,4.0,1
2.7,0,3.5214285710000004,2204,118,3.1,0
4.0,0,3.8434782610000005,2754,118,4.0,0
3.3,0,3.748837209,4582,118,3.7,0
3.3,0,3.376190476,2754,118,3.6,1
3.3,0,3.370731707,4699,118,3.1,0
2.0,0,3.545614035,834,118,3.8,0
0.0,1,2.9,4582,118,4.0,1
3.0,0,3.773333333,3727,118,3.5,1
3.0,0,3.690322581,4582,118,3.5,1
3.0,0,3.874444444,4582,118,3.9,0
0.0,1,2.973913043,3660,118,3.9,1
2.3,0,3.831707317,95,118,4.0,0
2.7,0,3.5588235289999997,2120,118,4.0,1
3.3,0,3.7853658539999997,2204,118,3.5,1
0.0,1,2.7,506,118,0.0,1
2.3,0,3.206896552,3717,118,0.0,1
1.7,0,2.750746269,4699,118,3.9,1
1.7,0,4.325,4582,118,0.0,1
3.7,0,3.4960000000000004,2120,118,0.0,1
4.0,0,3.984,4699,118,4.0,1
4.0,0,4.085714286,4582,118,3.9,1
2.3,0,3.2285714289999996,4031,118,3.6,0
0.0,1,2.7058823530000002,3727,118,3.17,1
2.3,0,3.4128205130000002,3727,118,3.1,1
4.0,0,3.346341463,2204,118,2.8,0
2.0,0,3.5069767439999997,4605,118,3.6,0
0.0,1,2.864615385,2204,118,3.7,1
1.0,1,2.460465116,95,118,3.5,0
2.0,0,3.5857142860000004,3909,118,3.6,1
1.7,0,2.6,4031,118,3.9,1
4.0,0,3.61,2754,118,3.3,0
4.0,0,3.8475,4031,118,3.5,1
3.3,0,3.52125,2204,118,4.0,0
3.0,0,3.8023255810000003,3909,118,0.0,0
3.0,0,3.325531915,4699,118,4.0,1
4.0,0,3.9043478260000004,3660,118,0.0,1
4.0,0,3.955,4699,118,3.9,0
2.7,0,3.1525,4699,118,3.3,0
1.0,1,3.113953488,3727,118,4.0,1
2.7,0,3.354545455,834,118,3.8,1
0.0,1,3.5069767439999997,3660,118,3.74,1
3.0,0,3.733333333,3727,118,0.0,1
1.7,0,3.394736842,3909,118,0.0,1
2.7,0,2.865686275,3717,118,3.7,0
3.3,0,3.5,506,118,0.0,1
2.3,0,2.8,4699,118,3.9,0
4.0,0,4.104761905,3909,118,3.3,1
4.0,0,4.128,4605,118,4.0,1
4.0,0,3.9844827589999996,2204,118,3.9,1
4.0,0,3.0946428569999997,4031,118,3.8,0
3.3,0,3.329268293,95,118,0.0,1
2.7,0,3.1777777780000003,2120,118,3.6,1
3.0,0,3.2270270269999997,4699,118,0.0,1
2.7,0,3.672727273,506,118,4.0,0
0.0,1,3.0871794869999998,3660,118,3.8,1
3.0,0,3.426086957,3727,118,3.3,1
0.0,1,3.241176471,95,118,3.9,1
4.0,0,4.16,3909,118,4.0,0
4.0,0,4.082758621,506,118,3.5,0
3.7,0,3.1894736839999998,2204,118,3.67,0
4.0,0,3.867889908,4605,118,3.81,1
4.0,0,3.9657142860000003,3660,118,3.9,1
3.0,0,3.6375,4582,118,4.0,1
3.4,0,3.8551724139999997,2204,118,4.0,1
3.0,0,3.365853659,3909,118,3.9,0
4.0,0,4.060869565,2120,118,4.0,0
2.3,0,3.5023809519999998,3909,118,3.7,1
4.0,0,3.92173913,834,118,3.0,1
4.0,0,3.843902439,4605,118,3.3,1
2.0,0,3.1475,2754,118,0.0,0
4.0,0,3.722222222,4582,118,0.0,0
2.3,0,3.5,3909,118,4.0,1
4.0,0,3.769230769,3727,118,3.7,0
0.0,1,3.646875,4605,118,3.9,0
4.0,0,3.40877193,506,118,0.0,0
3.3,0,3.928,4699,118,4.0,1
2.0,0,3.032,2204,118,3.0,1
3.0,0,3.129268293,3727,118,3.6,1
4.0,0,3.784,4582,118,4.0,1
4.0,0,3.692682927,4699,118,3.9,1
3.0,0,3.777777778,506,118,3.7,1
3.0,0,3.4411764710000003,3660,118,3.6,1
4.0,0,3.9384615380000003,506,118,0.0,0
3.0,0,3.739130435,4605,118,3.2,1
4.0,0,3.7903225810000003,2204,118,4.0,0
2.7,0,3.0814285710000004,3909,118,3.9,0
2.0,0,2.978947368,4164,119,0.0,1
4.0,0,3.547619048,317,119,3.4,1
4.0,0,4.0,31,119,0.0,1
2.4,0,3.57173913,3851,119,4.0,0
4.0,0,3.736,3851,119,3.9,0
4.0,0,3.866666667,1113,119,3.9,0
3.0,0,3.502941176,1374,119,4.0,1
3.3,0,3.58,1374,119,3.9,0
2.7,0,2.9344827589999998,1374,119,3.4,1
3.0,0,3.5439999999999996,317,119,3.8,0
3.0,0,3.605263158,317,119,3.6,0
0.0,1,1.997368421,317,119,0.0,1
2.7,0,3.6947368419999997,317,119,4.0,0
2.7,0,3.64,4164,119,3.8,0
2.7,0,3.180487805,317,119,3.7,1
3.3,0,3.5375,3851,119,4.0,1
3.0,0,3.593103448,317,119,4.0,0
2.3,0,3.091304348,1374,119,3.7,1
0.0,1,2.833333333,1113,119,3.6,0
2.7,0,3.5763157889999997,317,119,3.2,0
2.3,0,3.446153846,3851,119,4.0,0
3.3,0,3.768421053,1374,119,3.7,0
2.7,0,3.4181818180000003,1113,119,3.8,0
3.7,0,3.98,317,119,3.5,0
3.0,0,3.221621622,31,119,3.1,1
3.4,0,3.622727273,3851,119,0.0,1
3.3,0,3.6985074630000003,31,119,3.9,1
3.0,0,3.73,31,119,3.0,0
4.0,0,3.866666667,317,119,3.4,0
4.0,0,3.907692308,1113,119,3.9,0
1.7,0,2.534615385,317,119,2.1,0
2.3,0,3.3914893619999997,317,119,4.0,1
4.0,0,3.9666666669999997,1113,119,3.9,0
2.0,0,2.804901961,4164,119,3.7,0
2.3,0,2.8775,4164,119,4.0,1
2.0,0,2.5681818180000002,1113,119,4.0,0
2.7,0,3.4888888889999996,3851,119,3.3,0
0.0,1,1.909302326,317,119,3.8,1
0.0,1,2.5928571430000003,1113,119,3.1,1
3.7,0,3.746666667,1374,119,3.9,1
3.0,0,3.393023256,1113,119,2.9,1
2.3,0,2.98,4164,119,0.0,0
3.7,0,3.0857142860000004,3851,119,2.2,1
4.0,0,3.6108108110000003,31,119,3.7,0
2.3,0,3.1118644069999997,1374,119,0.0,0
3.7,0,3.7209302330000003,1374,119,3.2,1
4.0,0,3.722222222,3851,119,4.0,1
4.0,0,3.915384615,1374,119,3.2,0
3.0,0,3.497777778,1374,119,3.7,1
2.7,0,3.504761905,317,119,3.0,1
3.0,0,2.9894736839999996,31,119,3.3,0
2.7,0,3.4490909089999997,31,119,3.7,1
4.0,0,3.6511627910000004,1113,119,0.0,1
3.0,0,3.4,3851,119,4.0,0
1.7,0,2.4285714290000002,31,119,4.0,0
1.7,0,2.221126761,31,119,4.0,1
3.0,0,3.246666667,3851,119,3.5,0
3.0,0,3.315789474,1113,119,3.7,1
4.0,0,3.673170732,317,119,3.9,1
2.3,0,3.2,4164,119,3.9,1
2.7,0,3.1475,4164,119,3.4,1
0.0,1,3.19787234,3851,119,3.9,1
3.3,0,3.121428571,1113,119,3.6,1
4.0,0,3.81,3851,119,3.9,0
3.3,0,3.319607843,4164,119,3.3,0
3.0,0,3.45952381,3851,119,3.5,1
1.7,0,3.0636363639999997,4164,119,3.5,1
2.7,0,3.520930233,1113,119,0.0,1
3.0,0,3.152173913,31,119,0.0,1
1.7,0,3.5090909089999998,3851,119,3.4,1
4.0,0,3.812195122,1113,119,3.7,0
4.0,0,3.8090909089999996,1374,119,0.0,1
3.0,0,3.3942857139999996,3851,119,3.9,0
3.4,0,3.6813953489999998,3851,119,3.8,1
3.3,0,3.885135135,1113,119,0.0,1
2.7,0,3.125833333,31,119,4.0,0
3.0,0,3.234883721,3851,119,3.9,0
1.7,0,2.76,31,119,3.7,1
4.0,0,3.383333333,31,119,3.9,1
4.0,0,3.9111111110000003,4164,119,3.4,0
3.0,0,2.9666666669999997,31,119,3.7,0
2.0,0,3.179310345,31,119,3.9,0
4.0,0,3.953846154,1113,119,3.9,1
4.0,0,3.8636363639999995,31,119,3.9,1
4.0,0,3.666666667,31,119,3.2,0
2.7,0,3.4888888889999996,3851,119,3.8,1
2.3,0,2.102255639,4164,119,4.0,0
4.0,0,3.905454545,31,119,3.9,0
3.0,0,3.198913043,1113,119,3.9,1
2.3,0,3.481818182,4164,119,3.9,1
2.3,0,3.02,4164,119,3.9,0
3.7,0,3.592307692,1113,119,3.8,0
3.3,0,3.801960784,1113,119,3.8,1
3.0,0,3.551612903,1113,119,3.7,0
3.3,0,3.6522727269999997,4164,119,0.0,0
3.3,0,2.8925925930000003,3851,119,4.0,1
1.0,1,2.919148936,1113,119,3.74,0
0.0,1,2.490322581,4164,119,3.4,0
3.0,0,3.2539999999999996,3851,119,3.6,0
0.0,1,3.254098361,4164,119,3.9,0
2.7,0,3.0909090910000003,4164,119,4.0,0
2.7,0,3.7,3851,119,3.8,0
2.7,0,3.166666667,4164,119,0.0,1
3.0,0,3.781818182,1113,119,3.9,0
2.3,0,3.379487179,1113,119,3.5,0
3.0,0,3.4526315789999997,1374,119,4.0,0
3.0,0,3.2891891889999996,3851,119,0.0,0
2.7,0,2.578651685,31,119,3.6,1
3.7,0,3.769230769,1374,119,3.8,1
2.7,0,3.391836735,31,119,3.1,0
2.3,0,3.2941176469999998,31,119,3.7,1
3.3,0,3.309302326,4010,122,3.8,0
3.0,0,3.2046511630000003,2971,122,0.0,1
2.0,0,3.8560000000000003,2886,122,0.0,0
3.0,0,4.32,683,122,3.7,0
2.4,0,2.7089285710000004,2971,122,3.9,0
4.0,0,3.8173913039999996,1115,122,3.6,1
1.7,0,3.7244897960000003,1115,122,4.0,0
3.0,0,3.4,3252,122,3.88,1
4.0,0,3.866666667,2886,122,3.1,0
3.3,0,3.40625,3252,122,3.9,1
2.0,0,3.428571429,4744,122,4.0,0
3.0,0,3.445238095,1914,122,3.9,0
3.4,0,3.4960000000000004,4178,122,3.1,0
4.0,0,3.71025641,1115,122,3.9,0
4.0,0,3.976470588,1115,122,0.0,0
1.0,1,2.6,3252,122,3.9,1
4.0,0,5.2,4178,122,0.0,0
2.7,0,3.818518519,683,122,3.9,1
2.0,0,3.502941176,3717,122,3.5,0
4.0,0,3.944186047,4010,122,3.3,0
4.0,0,3.74,4178,122,2.9,0
3.7,0,3.820895522,3547,122,3.9,1
2.3,0,2.845081967,3252,122,3.2,1
3.7,0,4.137931034,3252,122,3.8,1
2.0,0,3.202439024,4744,122,0.0,0
4.0,0,3.9175,1914,122,4.0,0
4.0,0,3.968421053,3717,122,3.8,0
3.3,0,3.666666667,4744,122,3.7,1
3.3,0,3.423404255,3547,122,3.3,0
2.0,0,3.1875,3717,122,3.7,1
2.3,0,3.213953488,335,122,3.7,1
3.7,0,4.0,683,122,0.0,1
2.3,0,2.73625,3547,122,3.5,1
3.3,0,3.791489362,4744,122,3.9,0
4.0,0,4.0,1914,122,3.8,1
3.7,0,3.928,2458,122,3.8,1
3.4,0,3.525,3252,122,3.4,1
4.0,0,3.94893617,683,122,3.8,0
4.0,0,3.76,683,122,3.7,1
3.3,0,3.242857143,4744,122,3.6,0
3.0,0,3.3,4010,122,3.9,0
2.3,0,3.060465116,4744,122,3.9,1
2.3,0,3.8476190480000003,3547,122,3.9,0
3.3,0,3.76,2458,122,4.0,1
4.0,0,4.2090909089999995,779,122,3.8,0
3.0,0,3.2317073169999997,2458,122,0.0,0
2.7,0,3.384615385,2886,122,3.8,0
2.0,0,3.660869565,779,122,4.0,0
